{
  "pure_beam": {
    "1": {
      "wer": 0.04161220043572985,
      "cer": 0.017070892069833084,
      "bleu": 0.9584028524736883,
      "time": 125.37332582473755,
      "alpha": 1.0,
      "beta": 1.5
    },
    "2": {
      "wer": 0.04161220043572985,
      "cer": 0.017070892069833084,
      "bleu": 0.9584028524736883,
      "time": 164.00389528274536,
      "alpha": 1.0,
      "beta": 1.5
    },
    "4": {
      "wer": 0.04161220043572985,
      "cer": 0.017070892069833084,
      "bleu": 0.9584028524736883,
      "time": 164.21058320999146,
      "alpha": 1.0,
      "beta": 1.5
    },
    "8": {
      "wer": 0.04161220043572985,
      "cer": 0.017070892069833084,
      "bleu": 0.9584028524736883,
      "time": 163.8535315990448,
      "alpha": 1.0,
      "beta": 1.5
    },
    "16": {
      "wer": 0.04161220043572985,
      "cer": 0.017070892069833084,
      "bleu": 0.9584028524736883,
      "time": 164.2162184715271,
      "alpha": 1.0,
      "beta": 1.5
    }
  },
  "char_lm": {
    "1": {
      "wer": 0.04549415725886314,
      "cer": 0.018209759008068812,
      "bleu": 0.9544709021071874,
      "time": 163.19833827018738,
      "alpha": 1.0,
      "beta": 1.5
    },
    "2": {
      "wer": 0.04343434343434343,
      "cer": 0.01777420251675123,
      "bleu": 0.956522733534895,
      "time": 163.61849999427795,
      "alpha": 1.0,
      "beta": 1.5
    },
    "4": {
      "wer": 0.043256090314913835,
      "cer": 0.0177371663671065,
      "bleu": 0.9566968202649567,
      "time": 163.94986009597778,
      "alpha": 1.0,
      "beta": 1.5
    },
    "8": {
      "wer": 0.043196672608437306,
      "cer": 0.017733132778092672,
      "bleu": 0.9567477497276509,
      "time": 163.71886730194092,
      "alpha": 1.0,
      "beta": 1.5
    },
    "16": {
      "wer": 0.043196672608437306,
      "cer": 0.017732582614143816,
      "bleu": 0.9567463614847269,
      "time": 164.60788822174072,
      "alpha": 1.0,
      "beta": 1.5
    }
  }
}