{
  "pure_beam": {
    "1": {
      "wer": 0.053971083382848076,
      "cer": 0.020973723056490284,
      "bleu": 0.9460275283742281,
      "time": 130.61773943901062,
      "alpha": 1.0,
      "beta": 1.5
    },
    "2": {
      "wer": 0.053971083382848076,
      "cer": 0.020973723056490284,
      "bleu": 0.9460275283742281,
      "time": 158.79521203041077,
      "alpha": 1.0,
      "beta": 1.5
    },
    "4": {
      "wer": 0.053971083382848076,
      "cer": 0.020973723056490284,
      "bleu": 0.9460275283742281,
      "time": 158.76664662361145,
      "alpha": 1.0,
      "beta": 1.5
    },
    "8": {
      "wer": 0.053971083382848076,
      "cer": 0.020973723056490284,
      "bleu": 0.9460275283742281,
      "time": 158.84455943107605,
      "alpha": 1.0,
      "beta": 1.5
    },
    "16": {
      "wer": 0.053971083382848076,
      "cer": 0.020973723056490284,
      "bleu": 0.9460275283742281,
      "time": 159.74436783790588,
      "alpha": 1.0,
      "beta": 1.5
    }
  },
  "char_lm": {
    "1": {
      "wer": 0.05957615369380075,
      "cer": 0.022260761347113432,
      "bleu": 0.9404351689463647,
      "time": 158.951824426651,
      "alpha": 1.0,
      "beta": 1.5
    },
    "2": {
      "wer": 0.05579322638146167,
      "cer": 0.02126089620279803,
      "bleu": 0.9442206794882708,
      "time": 158.35206937789917,
      "alpha": 1.0,
      "beta": 1.5
    },
    "4": {
      "wer": 0.05555555555555555,
      "cer": 0.02120134075436661,
      "bleu": 0.9444545326461363,
      "time": 159.53541946411133,
      "alpha": 1.0,
      "beta": 1.5
    },
    "8": {
      "wer": 0.05541691424044364,
      "cer": 0.02117989040229547,
      "bleu": 0.9445910915968624,
      "time": 159.44480276107788,
      "alpha": 1.0,
      "beta": 1.5
    },
    "16": {
      "wer": 0.05543672014260249,
      "cer": 0.021184859100358798,
      "bleu": 0.9445669671614817,
      "time": 160.87221789360046,
      "alpha": 1.0,
      "beta": 1.5
    }
  }
}